pocket_id,pdb_id,rna_fragment,frag_start,n_pocket_res,pocket_residues,pocket_anionic,pocket_hba,pocket_hbd,pocket_hydrophobic,pocket_aromatic,pocket_cationic
1M8Y_pk00,1M8Y,UGUA,13,29,B:1004:PRO;B:1007:CYS;B:1008:ARG;B:1011:GLN;B:1039:ASP;B:1040:GLN;B:1041:TYR;B:1043:ASN;B:1044:TYR;B:1045:VAL;B:1047:GLN;B:1075:HIS;B:1076:LYS;B:1077:PHE;B:1079:SER;B:1080:ASN;B:1083:GLU;B:1084:LYS;B:1118:ASP;B:1119:GLN;B:1120:TYR;B:1122:ASN;B:1123:TYR;B:1126:GLN;B:1155:THR;B:1156:TYR;B:1157:GLY;B:1159:HIS;B:1160:ILE,3.0,20.0,21,4.0,8.0,5
1M8Y_pk01,1M8Y,GUAC,14,27,A:971:ASN;A:972:HIS;A:975:GLN;A:1004:PRO;A:1005:TYR;A:1007:CYS;A:1008:ARG;A:1011:GLN;A:1012:ARG;A:1039:ASP;A:1040:GLN;A:1041:TYR;A:1043:ASN;A:1044:TYR;A:1047:GLN;A:1075:HIS;A:1076:LYS;A:1077:PHE;A:1079:SER;A:1080:ASN;A:1083:GLU;A:1084:LYS;A:1119:GLN;A:1120:TYR;A:1123:TYR;A:1124:VAL;B:875:PRO,2.0,18.0,21,4.0,8.0,6
1M8Y_pk02,1M8Y,UACA,15,27,A:932:MET;A:935:CYS;A:936:ARG;A:939:GLN;A:968:GLN;A:969:ASN;A:971:ASN;A:972:HIS;A:973:VAL;A:975:GLN;A:1004:PRO;A:1005:TYR;A:1007:CYS;A:1008:ARG;A:1011:GLN;A:1012:ARG;A:1039:ASP;A:1040:GLN;A:1041:TYR;A:1043:ASN;A:1044:TYR;A:1047:GLN;A:1076:LYS;A:1077:PHE;A:1080:ASN;A:1084:LYS;B:875:PRO,1.0,15.0,21,5.0,5.0,6
1M8Y_pk03,1M8Y,ACAU,16,27,A:895:ASP;A:896:VAL;A:897:PHE;A:899:ASN;A:900:TYR;A:903:GLN;A:932:MET;A:933:TYR;A:935:CYS;A:936:ARG;A:939:GLN;A:968:GLN;A:969:ASN;A:971:ASN;A:972:HIS;A:973:VAL;A:975:GLN;A:1004:PRO;A:1005:TYR;A:1007:CYS;A:1008:ARG;A:1011:GLN;A:1012:ARG;A:1040:GLN;A:1041:TYR;A:1044:TYR;B:875:PRO,1.0,16.0,20,6.0,7.0,4
1M8Y_pk04,1M8Y,CAUA,17,26,B:859:ASP;B:860:GLN;B:863:SER;B:864:ARG;B:867:GLN;B:895:ASP;B:896:VAL;B:897:PHE;B:899:ASN;B:900:TYR;B:903:GLN;B:904:LYS;B:932:MET;B:933:TYR;B:935:CYS;B:936:ARG;B:939:GLN;B:968:GLN;B:969:ASN;B:971:ASN;B:972:HIS;B:973:VAL;B:975:GLN;B:1005:TYR;B:1008:ARG;B:1012:ARG,2.0,16.0,20,4.0,5.0,6
1M8Y_pk05,1M8Y,GU,14,17,A:1039:ASP;A:1040:GLN;A:1041:TYR;A:1043:ASN;A:1044:TYR;A:1047:GLN;A:1075:HIS;A:1076:LYS;A:1077:PHE;A:1079:SER;A:1080:ASN;A:1083:GLU;A:1084:LYS;A:1119:GLN;A:1120:TYR;A:1123:TYR;A:1124:VAL,2.0,13.0,13,2.0,6.0,3
1M8Y_pk06,1M8Y,UG,13,17,B:1075:HIS;B:1076:LYS;B:1077:PHE;B:1079:SER;B:1080:ASN;B:1083:GLU;B:1118:ASP;B:1119:GLN;B:1120:TYR;B:1122:ASN;B:1123:TYR;B:1126:GLN;B:1155:THR;B:1156:TYR;B:1157:GLY;B:1159:HIS;B:1160:ILE,2.0,13.0,12,2.0,6.0,3
1M8Y_pk07,1M8Y,AU,18,16,B:895:ASP;B:896:VAL;B:897:PHE;B:899:ASN;B:900:TYR;B:903:GLN;B:932:MET;B:933:TYR;B:935:CYS;B:936:ARG;B:939:GLN;B:968:GLN;B:969:ASN;B:971:ASN;B:972:HIS;B:973:VAL,1.0,10.0,11,4.0,4.0,2
1M8Y_pk08,1M8Y,UA,15,15,A:1004:PRO;A:1007:CYS;A:1008:ARG;A:1011:GLN;A:1039:ASP;A:1040:GLN;A:1041:TYR;A:1043:ASN;A:1044:TYR;A:1047:GLN;A:1076:LYS;A:1077:PHE;A:1080:ASN;A:1084:LYS;B:875:PRO,1.0,8.0,11,3.0,3.0,3
1M8Y_pk09,1M8Y,UA,19,15,B:859:ASP;B:860:GLN;B:863:SER;B:864:ARG;B:867:GLN;B:895:ASP;B:896:VAL;B:897:PHE;B:899:ASN;B:900:TYR;B:903:GLN;B:904:LYS;B:932:MET;B:933:TYR;B:936:ARG,2.0,9.0,10,3.0,3.0,3
1M8Y_pk10,1M8Y,AC,16,13,A:971:ASN;A:972:HIS;A:975:GLN;A:1004:PRO;A:1005:TYR;A:1007:CYS;A:1008:ARG;A:1011:GLN;A:1012:ARG;A:1040:GLN;A:1041:TYR;A:1044:TYR;B:875:PRO,,8.0,11,2.0,4.0,3
1M8Y_pk11,1M8Y,CA,17,13,A:932:MET;A:935:CYS;A:936:ARG;A:939:GLN;A:968:GLN;A:969:ASN;A:971:ASN;A:972:HIS;A:973:VAL;A:975:GLN;A:1005:TYR;A:1008:ARG;A:1012:ARG,,7.0,11,2.0,2.0,4
1M8Y_pk12,1M8Y,U,13,11,B:1118:ASP;B:1119:GLN;B:1120:TYR;B:1122:ASN;B:1123:TYR;B:1126:GLN;B:1155:THR;B:1156:TYR;B:1157:GLY;B:1159:HIS;B:1160:ILE,1.0,9.0,8,1.0,4.0,1
1M8Y_pk13,1M8Y,U,15,10,A:1039:ASP;A:1040:GLN;A:1041:TYR;A:1043:ASN;A:1044:TYR;A:1047:GLN;A:1076:LYS;A:1077:PHE;A:1080:ASN;A:1084:LYS,1.0,7.0,8,1.0,3.0,2
1M8Y_pk14,1M8Y,G,14,9,A:1075:HIS;A:1076:LYS;A:1079:SER;A:1080:ASN;A:1083:GLU;A:1119:GLN;A:1120:TYR;A:1123:TYR;A:1124:VAL,1.0,7.0,7,1.0,3.0,2
1M8Y_pk15,1M8Y,U,19,9,A:895:ASP;A:896:VAL;A:897:PHE;A:899:ASN;A:900:TYR;A:903:GLN;A:932:MET;A:933:TYR;A:936:ARG,1.0,5.0,5,3.0,3.0,1
1M8Y_pk16,1M8Y,A,18,9,B:932:MET;B:935:CYS;B:936:ARG;B:939:GLN;B:968:GLN;B:969:ASN;B:971:ASN;B:972:HIS;B:973:VAL,,5.0,7,2.0,1.0,2
1M8Y_pk17,1M8Y,A,20,9,B:859:ASP;B:860:GLN;B:863:SER;B:864:ARG;B:867:GLN;B:896:VAL;B:897:PHE;B:900:TYR;B:904:LYS,1.0,5.0,6,2.0,2.0,2
1M8Y_pk18,1M8Y,A,16,8,A:1004:PRO;A:1007:CYS;A:1008:ARG;A:1011:GLN;A:1040:GLN;A:1041:TYR;A:1044:TYR;B:875:PRO,,4.0,6,2.0,2.0,1
1M8Y_pk19,1M8Y,C,17,6,A:971:ASN;A:972:HIS;A:975:GLN;A:1005:TYR;A:1008:ARG;A:1012:ARG,,4.0,6,,2.0,3
1M8Y_pk20,1M8Y,AU,11,4,A:1080:ASN;A:1083:GLU;A:1123:TYR;A:1159:HIS,1.0,4.0,3,,2.0,1
1FXL_pk00,1FXL,AUUU,7,34,A:40:ASN;A:42:ILE;A:44:ASN;A:45:TYR;A:46:LEU;A:48:GLN;A:68:CYS;A:69:LYS;A:71:VAL;A:72:ARG;A:78:GLN;A:79:SER;A:80:LEU;A:81:GLY;A:82:TYR;A:84:PHE;A:108:LYS;A:111:LYS;A:113:SER;A:114:TYR;A:115:ALA;A:116:ARG;A:117:PRO;A:118:SER;A:119:SER;A:120:ALA;A:122:ILE;A:123:ARG;A:124:ASP;A:126:ASN;A:152:ILE;A:153:THR;A:155:ARG;A:172:ARG,1.0,14.0,22,10.0,4.0,8
1FXL_pk01,1FXL,UUAU,5,29,A:42:ILE;A:44:ASN;A:45:TYR;A:46:LEU;A:48:GLN;A:78:GLN;A:79:SER;A:80:LEU;A:81:GLY;A:82:TYR;A:107:THR;A:108:LYS;A:109:THR;A:110:ILE;A:111:LYS;A:113:SER;A:114:TYR;A:116:ARG;A:122:ILE;A:126:ASN;A:152:ILE;A:153:THR;A:155:ARG;A:156:ILE;A:157:LEU;A:158:VAL;A:160:GLN;A:166:ARG;A:172:ARG,,13.0,19,9.0,3.0,6
1FXL_pk02,1FXL,UUUU,3,23,A:44:ASN;A:45:TYR;A:48:GLN;A:79:SER;A:107:THR;A:108:LYS;A:109:THR;A:110:ILE;A:111:LYS;A:126:ASN;A:128:TYR;A:155:ARG;A:156:ILE;A:157:LEU;A:158:VAL;A:160:GLN;A:166:ARG;A:168:VAL;A:170:PHE;A:172:ARG;A:201:LYS;A:202:PHE;A:203:ALA,,9.0,15,8.0,4.0,6
1FXL_pk03,1FXL,UUU,9,20,A:40:ASN;A:42:ILE;A:68:CYS;A:69:LYS;A:71:VAL;A:72:ARG;A:74:LYS;A:82:TYR;A:84:PHE;A:114:TYR;A:115:ALA;A:116:ARG;A:117:PRO;A:118:SER;A:119:SER;A:120:ALA;A:122:ILE;A:123:ARG;A:124:ASP;A:172:ARG,1.0,6.0,12,7.0,3.0,6
1FXL_pk04,1FXL,U,8,15,A:42:ILE;A:44:ASN;A:45:TYR;A:80:LEU;A:81:GLY;A:82:TYR;A:111:LYS;A:113:SER;A:114:TYR;A:116:ARG;A:122:ILE;A:126:ASN;A:152:ILE;A:153:THR;A:172:ARG,,7.0,10,4.0,3.0,3
1FXL_pk05,1FXL,UU,5,15,A:44:ASN;A:45:TYR;A:48:GLN;A:79:SER;A:107:THR;A:108:LYS;A:109:THR;A:110:ILE;A:111:LYS;A:155:ARG;A:156:ILE;A:157:LEU;A:158:VAL;A:160:GLN;A:166:ARG,,7.0,11,4.0,1.0,4
1FXL_pk06,1FXL,UU,3,12,A:45:TYR;A:126:ASN;A:128:TYR;A:155:ARG;A:157:LEU;A:166:ARG;A:168:VAL;A:170:PHE;A:172:ARG;A:201:LYS;A:202:PHE;A:203:ALA,,3.0,7,5.0,4.0,4
1FXL_pk07,1FXL,UA,6,12,A:45:TYR;A:46:LEU;A:48:GLN;A:78:GLN;A:79:SER;A:80:LEU;A:81:GLY;A:82:TYR;A:107:THR;A:108:LYS;A:155:ARG;A:172:ARG,,6.0,9,2.0,2.0,3
1FXL_pk08,1FXL,UU,10,12,A:40:ASN;A:68:CYS;A:69:LYS;A:71:VAL;A:72:ARG;A:74:LYS;A:82:TYR;A:84:PHE;A:115:ALA;A:116:ARG;A:118:SER;A:123:ARG,,3.0,9,3.0,2.0,5
1FXL_pk09,1FXL,U,4,8,A:45:TYR;A:126:ASN;A:155:ARG;A:157:LEU;A:166:ARG;A:170:PHE;A:172:ARG;A:203:ALA,,2.0,5,3.0,2.0,3
1FXL_pk10,1FXL,U,6,6,A:45:TYR;A:48:GLN;A:79:SER;A:107:THR;A:108:LYS;A:155:ARG,,4.0,6,,1.0,2
1FXL_pk11,1FXL,U,11,4,A:69:LYS;A:71:VAL;A:72:ARG;A:74:LYS,,,3,1.0,,3
